model,accuracy
gradient_boosting,0.7853260869565217
logistic_regression,0.6614130434782609
random_forest,0.7815217391304348
